feminins,masculins
Nina,Lucas
Anaelle,Theo
Ilona,Hugo
Laurine,Thomas
Coralie,Enzo
Lina,Maxime
Julia,Alexandre
Alexia,Mathis
Eloise,Nathan
Cassandra,Antoine
Salome,Clement
Claire,Romain
Melanie,Alexis
Louna,Louis
Audrey,Quentin
Emeline,Leo
Loane,Nicolas
Leane,Tom
Yasmine,Baptiste
Leonie,Paul
Coline,Valentin
Andrea,Arthur
Clarisse,Axel
Aurelie,Julien
Victoria,Matteo
Melina,Matheo
Cloe,Benjamin
Myriam,Jules
Luna,Pierre
Estelle,Yanis
Adele,Florian
Ophelie,Dylan
Alexandra,Raphael
Lise,Adrien
Nolwenn,Corentin
Olivia,Kevin
Heloise,Mathieu
Clementine,Maxence
Marina,Anthony
Candice,Victor
Lea,Noah
Manon,Gabriel
Emma,Killian
Chloe,Simon
Camille,Guillaume
Oceane,Dorian
Ines,Samuel
Marie,Bastien
Clara,Mohamed
Sarah,Tristan
Anais,Vincent
Julie,Rayan
Lucie,Jeremy
Jade,Martin
Eva,Kylian
Laura,Evan
Mathilde,Thibault
Pauline,Ethan
Lisa,Mateo
Lola,Remi
Marine,Erwan
Justine,Mael
Juliette,Matthieu
Maeva,Jordan
Romane,Damien
Celia,Antonin
Noemie,Loic
Charlotte,Robin
Elisa,Adam
Louise,Noe
Lena,Mathias
Jeanne,Aurelien
Emilie,Titouan
Morgane,Esteban
Zoe,Ryan
Marion,Lenny
Lou,Yann
Carla,David
Alice,Mehdi
Amandine,William
Margaux,Bryan
Clemence,Sacha
Lilou,Mathys
Melissa,Jonathan
Elise,Lilian
Alicia,Thibaut
Ambre,Logan
Margot,Noa
Amelie,Gaetan
Maelle,Jean
Maelys,Charles
Agathe,Alex
Anna,Gabin
Axelle,Tony
Elodie,Lorenzo
Valentine,Alan
Solene,Arnaud
Fany,Sofiane
Elsa,Amine
Flavie,Marius
Sarce,Bob
Josette,Bobby
Ingrid,Perceval
